CONSTANT,POP,TEMP,FDI,R2_SCORE,MSE_SCORE
4.9033969489709435,0.3628259476602414,-0.02345959463239523,0.040141376024832635,0.7531333742108124,0.03204464896102499
4.877864681199337,0.36066367202394467,-0.030293162900796144,0.03544009405064625,0.7796983373141896,0.03525684363498473
4.867982738582851,0.3555487168614105,-0.0028559036347511283,0.035895469989228365,0.8014679801270093,0.022649647792461987
4.903453905530927,0.4170581898437515,-0.05202129562197133,0.05100886408515696,0.7787326437219636,0.03178299452380891
4.9037556838418475,0.36949098002412034,-0.05572274250981201,0.06327044769941784,0.8176353172646283,0.029324886608034673
