CONSTANT,POP,TEMP,FDI,R2_SCORE,MSE_SCORE
4.891837070208521,0.4050974929435909,-0.06813885887361192,0.028297515569798388,0.29346761568178137,0.05042498638741193
4.873488610434018,0.3577432811758517,-0.037569413397582234,0.017748639334296046,0.7916720328604353,0.037561251729706355
4.850810890095412,0.3497071434749552,-0.011855108125020627,-0.03113096380179011,0.1741362452566424,0.07994743684520587
4.892753565123938,0.3246446830168245,0.02202836399956528,0.007887667972487963,0.7915789566524726,0.03451409186427247
4.880089096794103,0.3632322585208862,-0.027835785532725626,0.014470918136315578,0.7238410882378628,0.029963048937685904
