CONSTANT,POP,TEMP,FDI,R2_SCORE,MSE_SCORE
4.875292114500289,0.3573254155789516,-0.023528891110033583,0.02266598411594216,0.6294140386572921,0.02653433414117435
4.864501547478136,0.3363203663478489,-0.011780795726055943,-0.0099752703360998,0.7934524041599466,0.03429070877475204
4.87363450918538,0.3392486496545569,-0.007753207220926399,0.01840250090973341,0.8331419774720036,0.02788606057520696
4.894601806769763,0.3926431728598654,-0.058622592541636744,0.014963320566943914,0.823096326094401,0.016158359620107553
4.8782491079725006,0.3685570431336921,-0.01945371560909703,-0.0005509810380208594,0.7641488237344038,0.04305677925971124
